2.0	3.3313399861113893
2.0	3.3313399861113893
0.7	2.3523783444362825
0.333333	3.113792954628032
1.0	2.521472808028971
1.66667	2.303925776545614
0.833333	1.9776052293205786
1.66667	2.303925776545614
1.5	1.108790008795944
9.0	1.8702046189876933
9.0	1.8702046189876933
0.916667	0.5865889706280583
11.0	2.9796063169449853
11.0	2.9796063169449853
0.8	2.6532857697199494
2.0	6.191288231341221
1.0	2.1141655429956936
0.931035	-0.6051723505462687
3.375	1.6790714800289797
3.375	1.6790714800289797
1.0	1.8966185115123368
0.8	2.005392027254015
1.08696	0.0474687439038024
2.77778	1.5702979642873012
2.77778	1.5702979642873012
2.5	2.9796063169449853
2.0	2.9796063169449853
2.5	2.9796063169449853
0.5	3.5465133416026777
3.63636	1.3527509328039444
3.63636	1.3527509328039444
1.13158	-1.5841339922213755
0.714286	1.7878449957706584
1.25	1.786844225187383
0.925926	-1.3808290166904278
2.85714	2.9701116129767122
2.85714	2.9701116129767122
0.833333	3.84029973891014
0.5625	1.2138169431367607
3.28571	2.273765302620109
1.0	1.6028321142048745
1.0	1.6028321142048745
0.8	1.276511566979839
2.0	1.711605629946553
1.85714	2.354752020428351
4.0	2.2229390587373725
4.0	2.2229390587373725
1.0	2.4404860902207295
0.9375	0.8088833540955518
1.0	2.1141655429956936
0.75	1.3852850827215175
0.75	1.3852850827215175
1.0	1.3852850827215175
0.25	1.5472585183380012
1.0	1.5472585183380012
0.25	1.5472585183380012
1.71429	2.273765302620109
3.16667	2.625498971786513
0.913043	0.7763492041779786
3.16667	2.625498971786513
0.875	2.407951940303156
1.0	3.3313399861113893
2.2	2.8152592053364334
2.2	2.8152592053364334
0.705882	1.5099770164362913
0.888889	2.3801651423697194
1.94118	1.2345884809311767
1.63636	1.838671239653395
0.5	1.5218453963966327
0.5	1.5218453963966327
0.5	1.5218453963966327
0.5	1.5218453963966327
0.5	1.5218453963966327
2.0	3.222566470369711
4.0	3.3313399861113893
2.0	3.222566470369711
1.5	3.222566470369711
4.0	3.3313399861113893
0.888889	1.246351093054334
3.75	3.73389989916053
0.666667	2.789846083395065
0.666667	2.789846083395065
0.6	2.572299051911708
2.0	3.007393114878422
1.0	4.842300826534546
1.0	4.842300826534546
2.0	4.951074342276225
1.0	4.842300826534546
2.0	4.951074342276225
2.0	3.3313399861113893
0.375	2.084005069070189
0.488889	-1.9406150133719156
3.8	2.410325616295224
3.8	2.410325616295224
2.5	3.005019438886354
0.5	3.005019438886354
2.0	3.005019438886354
1.58333	1.5679242882952331
0.821429	-0.17245196357162285
1.58333	1.5679242882952331
0.333333	2.5468859299703395
0.333333	2.220565382745304
0.5	1.8999929580876802
1.0	1.8999929580876802
0.666667	1.8999929580876802
0.75	1.9381615871011686
0.5	1.9607329964438616
1.0	2.2870535436688972
0.6	2.06950651218554
0.5	1.9607329964438616
1.0	2.2870535436688972
6.75	2.269390085461491
6.75	2.269390085461491
0.837838	-1.2230192625581948
0.4	1.1699980837587323
0.4	1.8919769273653841
0.4	1.8919769273653841
0.4	1.8919769273653841
1.0	2.169739138862567
1.0	2.169739138862567
1.63636	2.8590701890801493
1.0	2.168366233453774
0.25	2.168366233453774
0.75	2.168366233453774
0.941176	2.4486469688255497
65.0	4.043348213508849
1.54717	-1.467199597874876
65.0	4.043348213508849
1.0	1.0675054245611335
1.3	0.9587319088194549
8.0	1.9376935504945614
8.0	1.9376935504945614
1.0	1.176278940302812
3.0	1.5655506123031648
3.0	1.5655506123031648
3.0	1.5655506123031648
1.875	2.330339669070258
0.25	2.330339669070258
2.0	2.330339669070258
15.5	2.7852044992481124
4.0	2.7852044992481124
2.0	2.384912494353856
1.0	1.6339933587136546
1.0	1.6339933587136546
1.0	1.6339933587136546
2.0	2.4236138573440122
0.769231	1.1183316684438702
0.444444	1.5534257314105842
0.444444	1.5534257314105842
6.6	2.005392027254015
0.333333	2.2828799961285515
2.0	2.686820690220798
2.0	2.686820690220798
1.5	1.611373003269526
0.666667	0.741184877336098
1.5	1.611373003269526
0.333333	1.7201465190112044
1.11765	0.7001098383538733
1.0	4.920913868350721
1.0	4.920913868350721
1.0	4.920913868350721
1.25	2.907160488201395
3.0	3.015934003943073
0.769231	1.9281988465262883
3.0	3.015934003943073
0.0833333	2.1022344560870736
1.08333	2.1022344560870736
4.5	1.8966185115123368
0.366667	-0.7139458662879472
2.0	1.6669465991363994
2.0	1.6669465991363994
0.8	1.3406260519113637
0.75	1.4493995676530422
1.0	3.4764411888511555
3.5	3.3676676731094775
3.5	3.3676676731094775
2.42857	2.8238000944010846
1.5	2.3036515339229675
0.1	2.3036515339229675
2.5	2.8176328813285014
2.5	2.8176328813285014
0.714286	1.0264303855789088
0.666667	0.26501577538715937
3.0	2.6000858498451445
0.25	2.6000858498451445
9.0	2.3317125744790506
0.894737	0.06075698495259019
1.66667	1.1484921423693752
1.66667	1.1484921423693752
1.0	1.5835862053360892
1.16667	2.1915114472402584
0.344828	0.20790079932603023
0.344828	0.20790079932603023
0.45	-1.7983065771293891
3.33333	3.0361806833951337
4.33333	3.0361806833951337
0.666667	-0.06130477183787608
3.83333	2.5606422076257345
1.33333	2.5606422076257345
2.0	3.0559514506062744
0.583333	0.7969522671869318
0.583333	0.7969522671869318
0.421053	0.1578736564082952
0.932203	-4.193066973258844
2.0625	0.43563586790547826
2.0625	0.43563586790547826
3.28571	1.6494926861815786
3.28571	1.6494926861815786
0.857143	1.6494926861815786
2.0	1.7878449957706584
1.1	-0.08815181384075665
1.1	-0.08815181384075665
3.5	2.3317125744790506
1.0	2.9349472861348316
1.0	1.961524221774551
0.4	1.961524221774551
0.571429	2.9700489060284334
2.0	2.9700489060284334
1.6	2.572299051911708
1.5	2.1056246539310424
1.0	2.1056246539310424
1.5	2.1056246539310424
0.0714286	1.567657921306899
0.0714286	1.567657921306899
0.0714286	1.567657921306899
0.111111	2.1115255000152913
0.8	3.3173094658333473
0.666667	3.013560327951005
0.833333	3.013560327951005
4.0	3.557427906659398
4.0	3.557427906659398
1.0	3.3676676731094775
1.33333	2.9325736101427635
1.0	3.3676676731094775
3.0	3.4182843717396283
1.0	3.4182843717396283
3.0	3.4182843717396283
0.857143	0.5880145048556293
0.857143	0.5880145048556293
0.714286	2.3540097411990972
1.25	2.6803302884241327
0.714286	2.3540097411990972
0.714286	2.3540097411990972
2.22222	2.137204988944994
0.613636	0.288595320747812
0.613636	0.288595320747812
2.4	3.3173094658333473
0.8	3.3173094658333473
3.0	2.284470322424243
1.5	2.284470322424243
3.0	2.284470322424243
0.666667	2.8505861217512463
2.5	2.7418126060095678
0.866667	1.5453039328511042
0.5	2.7418126060095678
2.5	2.7418126060095678
2.5	2.878372919684683
1.0	2.1169583094929334
2.5	2.878372919684683
0.555556	2.1169583094929334
1.21429	1.5933374102366014
0.658537	0.41730807848609386
0.658537	0.41730807848609386
4.0	2.3932438381659216
4.0	2.3932438381659216
1.0	2.4337371970700428
1.0	2.4337371970700428
1.0	1.760849423167911
7.0	2.413490517617982
1.0	1.760849423167911
1.0	1.760849423167911
1.0	1.760849423167911
0.727273	1.919657957461637
2.0	1.8771630573909657
0.2	1.8771630573909657
1.6	1.8771630573909657
0.285714	2.451868691884056
1.57143	2.451868691884056
0.571429	2.372940336978113
1.14286	2.372940336978113
4.0	2.977023095700331
4.0	2.977023095700331
1.33333	3.0463040231211638
1.75	2.9375305073794857
1.42857	2.61120996015445
1.75	2.9375305073794857
1.0	3.2638510546045207
0.44898	-0.10959725077702309
0.44898	-0.10959725077702309
1.14286	4.54139340125088
1.14286	4.54139340125088
1.14286	4.54139340125088
1.28571	1.703483831387073
1.28571	1.703483831387073
1.28571	1.703483831387073
4.5	2.2473514100954657
1.28571	1.703483831387073
1.0	2.125871333383103
2.0	2.125871333383103
1.0	2.125871333383103
0.875	2.2459785046866725
1.75	2.816091501134246
0.75	2.816091501134246
13.0	3.039079217729557
13.0	3.039079217729557
1.61111	1.3841627930324332
0.764706	1.4929363087741117
1.57143	2.3918709327571284
0.428571	2.3918709327571284
1.28571	2.3918709327571284
0.386667	-1.6427635490561079
0.386667	-1.6427635490561079
2.22222	1.5129323725064634
20.0	2.3831204984398915
1.0	2.3831204984398915
4.0	1.9480264354731773
2.22222	1.5129323725064634
1.0	2.3831204984398915
2.22222	1.5129323725064634
2.22222	1.5129323725064634
0.736842	0.09581753437906904
1.0	1.5098732390208898
1.0	1.5098732390208898
0.888889	1.20680168299774
2.375	2.699470429455734
0.75	2.699470429455734
0.658537	0.4368124787089006
0.658537	0.4368124787089006
0.28	0.5847185164971898
1.12	0.5847185164971898
1.71429	1.7237305108391336
1.57143	1.7237305108391336
1.57143	1.7237305108391336
1.71429	1.7237305108391336
1.0	2.4586744067704913
0.777778	0.6095246391619566
1.33333	1.8662484923342462
1.0	2.4586744067704913
1.33333	1.8662484923342462
0.1	1.4176566430661584
1.2	1.4176566430661584
0.9	1.4176566430661584
1.42857	3.375150969855105
1.42857	3.375150969855105
1.42857	3.375150969855105
1.38462	1.7021109259782798
0.166667	1.6441636541193383
0.166667	1.6441636541193383
0.166667	1.6441636541193383
2.33333	2.236436845038746
1.66667	2.236436845038746
1.66667	2.236436845038746
2.33333	2.236436845038746
0.5	2.8394051897061923
0.333333	2.8394051897061923
0.785714	-0.5614735300518952
0.785714	-0.5614735300518952
0.2	2.363657168684208
2.6	2.266540497228503
0.653846	0.07941333810895923
2.6	2.266540497228503
1.06667	0.11508876244635236
13.0	2.686820690220798
13.0	2.686820690220798
0.433333	0.11508876244635236
2.72727	1.9567768697904144
2.81818	1.9567768697904144
2.72727	1.9567768697904144
0.75	2.1219073310953434
2.75	2.1219073310953434
1.95833	-0.08155145128993668
1.95833	-0.08155145128993668
1.95833	-0.08155145128993668
7.83333	1.8763718320602765
5.875	1.6588248005769195
1.95833	-0.08155145128993668
1.66667	1.8108844417199583
1.0	2.8986195991367434
1.0	2.8986195991367434
1.0	2.8986195991367434
1.0	2.8986195991367434
1.66667	2.469273658737441
0.6	0.5618396696990396
1.66667	2.469273658737441
0.208333	0.6706131854407181
0.2	2.3488432987097894
0.777778	-0.04417404760713772
3.0	2.360500142995763
3.0	2.360500142995763
1.6	2.4879378875281226
1.6	2.4879378875281226
1.6	2.4879378875281226
1.6	2.4879378875281226
0.676471	0.5527286589079393
0.676471	0.5527286589079393
4.0	2.5417194874810316
4.0	2.5417194874810316
0.166667	2.2231975500913936
0.1	1.8852201585803847
0.1	1.8852201585803847
0.1	1.8852201585803847
0.5	3.1669928745028373
0.5	3.1669928745028373
0.5	3.1669928745028373
1.2	2.076989808931168
1.0	1.247933543715713
1.0	1.247933543715713
0.285714	1.247933543715713
0.411765	0.08195917160383215
2.66667	2.2535675692694843
0.432432	-0.2443613756212033
2.66667	2.2535675692694843
0.942857	0.6544869145105969
0.942857	0.6544869145105969
2.0	2.9829807635203287
1.5	2.9829807635203287
3.0	3.091754279262007
0.25	2.5933369566944577
0.25	2.5933369566944577
0.25	2.5933369566944577
0.25	2.5933369566944577
0.7	1.5620155665766713
2.71429	1.8397777780738545
0.657143	-1.1573223269652912
2.71429	1.8397777780738545
0.833333	1.3499581663067046
0.833333	1.3499581663067046
2.25	2.060174397790199
0.5	2.060174397790199
2.0	2.060174397790199
0.666667	1.2689714484984629
0.666667	1.2689714484984629
1.25	2.2459785046866725
1.03448	1.3072964837461307
1.03448	1.3072964837461307
0.5	1.4865184799818199
0.5	1.4865184799818199
0.5	2.2777214292735564
0.5	2.2777214292735564
2.5	2.2777214292735564
1.0	3.895873334777014
1.0	3.895873334777014
1.0	3.895873334777014
1.21739	1.6674399549415042
2.625	2.8620176695160087
2.625	2.8620176695160087
0.913043	1.6674399549415042
2.0	3.5333151171224486
0.333333	3.5333151171224486
3.0	2.4879378875281226
3.0	2.4879378875281226
3.0	2.4879378875281226
3.0	2.4879378875281226
0.333333	3.4086858903559536
0.6	0.4718009653306341
2.0	2.8162599759197082
2.0	2.8162599759197082
0.666667	1.5952919957234983
0.666667	1.5952919957234983
1.0	2.79300310908351
0.333333	2.117048326061492
0.333333	2.117048326061492
0.333333	2.117048326061492
0.4	2.592545731363768
0.4	2.592545731363768
4.5	2.918866278588804
0.5	2.918866278588804
1.5	2.918866278588804
3.66667	2.789846083395065
0.888889	1.1199099261882786
0.888889	1.1199099261882786
1.16667	1.7298977239117166
1.16667	1.7298977239117166
1.16667	1.7298977239117166
14.0	2.9264063970701804
1.16667	1.7298977239117166
0.666667	2.087162094758634
0.666667	2.087162094758634
0.565217	1.098474567381513
0.26087	1.098474567381513
0.5	3.348470710342128
1.0	3.468901070369779
9.33333	3.4086858903559536
9.33333	3.4086858903559536
0.848485	0.19403875383345115
1.0	2.270972536122869
2.0	2.270972536122869
1.0	2.270972536122869
10.0	3.383272768414585
0.6	1.7044846019703481
1.57143	1.1245515103352313
1.57143	1.1245515103352313
1.57143	2.263641962894079
1.57143	2.263641962894079
1.57143	2.263641962894079
1.57143	2.263641962894079
0.8	1.458731682048383
0.6	1.458731682048383
0.75	2.3269652224949144
0.75	2.3269652224949144
0.75	2.3269652224949144
0.26087	1.2685129798217283
3.0	2.8243817744791886
0.434783	1.2685129798217283
3.0	2.8243817744791886
1.4	1.9446519888978337
1.6	1.9446519888978337
1.0	1.5952919957234983
0.666667	1.5952919957234983
0.4	2.514351780052766
0.666667	3.4538697795084623
0.944444	1.1110694753024828
0.944444	1.1110694753024828
1.27273	1.91290906431095
14.0	3.000644221727735
7.0	2.8918707059860567
1.27273	1.91290906431095
1.27273	1.91290906431095
1.27273	1.91290906431095
0.333333	2.5671326094223996
0.333333	2.5671326094223996
6.0	3.1703673210781806
6.0	3.1703673210781806
1.45	1.4299910692113245
0.5	3.3879143525615376
1.0	2.215398940255996
0.25	2.215398940255996
2.16667	2.576772161273198
0.4375	0.37991911645164
2.16667	2.576772161273198
0.40625	0.37991911645164
0.666667	2.6818637929840756
0.580645	0.8501637454133917
0.580645	0.8501637454133917
0.666667	2.6818637929840756
0.5	2.918866278588804
0.5	2.918866278588804
1.625	1.2914292143696593
1.625	1.2914292143696593
1.625	1.2914292143696593
4.33333	2.379164371786444
3.71429	2.2703908560447656
1.625	1.2914292143696593
1.5	2.918866278588804
1.5	2.918866278588804
1.0	1.6244986547453815
2.5	3.79622238817809
2.33333	3.7360072081642643
0.4	1.5072742665076104
0.4	1.5072742665076104
3.0	2.678538292510168
3.0	2.678538292510168
14.0	3.3567531080527573
14.0	3.3567531080527573
1.5	0.7345318859665003
1.0	3.3450962637667843
1.25	2.27367109313458
1.25	2.27367109313458
9.0	2.7054849190114796
13.5	2.8142584347531585
1.28571	0.7475616356612669
1.28571	0.7475616356612669
1.28571	0.7475616356612669
1.28571	0.7475616356612669
4.0	2.4607327696727896
1.0	2.4607327696727896
0.666667	1.4069516232620245
2.85714	2.2966441494182592
0.709677	0.26877980035220594
2.85714	2.2966441494182592
0.645161	0.26877980035220594
0.714286	1.5651315217979933
0.428571	1.5651315217979933
1.28571	1.5651315217979933
1.0	2.543245116406662
0.4	2.543245116406662
2.0	2.978339179373376
0.638889	0.5976461810721143
0.638889	0.5976461810721143
0.333333	2.162199020381191
2.4	1.9339469690937
2.4	1.9339469690937
2.4	1.9339469690937
8.0	2.695361579285449
2.4	1.9339469690937
4.0	2.369041032060414
0.846154	1.6278731013207248
4.6	2.244977734103397
1.0	0.2870544507531845
4.6	2.244977734103397
0.612903	1.1851447103871056
2.28571	3.1644507237253063
0.5	3.465526623794436
2.28571	3.1644507237253063
0.516129	1.1851447103871056
2.75	1.8070909046394437
0.75	1.8070909046394437
3.5	1.8070909046394437
0.5	1.623078793656935
0.172414	0.8559630165774272
0.172414	0.8559630165774272
0.172414	0.8559630165774272
0.333333	2.7932205299704083
3.66667	2.7932205299704083
1.0	3.466317849125126
0.484375	-0.570030170385172
0.484375	-0.570030170385172
1.0	3.466317849125126
1.0	2.865666358713999
2.0	2.865666358713999
2.5	2.613583636146518
2.5	2.613583636146518
2.5	2.613583636146518
3.33333	2.722357151888197
3.33333	2.722357151888197
2.5	2.613583636146518
1.8	2.4305722957472846
2.4	2.4305722957472846
0.6	2.4305722957472846
0.636364	1.845420132804082
7.33333	2.8674583546279635
1.22222	1.2358556185027858
7.33333	2.8674583546279635
1.0	2.976231870369642
0.944444	1.300375433092639
5.66667	2.640628154850701
5.66667	2.640628154850701
1.11111	1.300375433092639
0.5	2.0534255046395122
1.25	2.0534255046395122
1.0	2.8093504836178718
0.666667	2.8093504836178718
4.14286	2.2467697300173617
4.14286	2.2467697300173617
4.28571	2.2467697300173617
4.28571	2.2467697300173617
29.0	2.8994108244674326
0.75	2.0534255046395122
0.25	2.0534255046395122
1.0	2.0534255046395122
1.0	2.498061227254153
0.850746	-1.5401277342715443
0.850746	-1.5401277342715443
7.5	4.135459041626396
1.07143	1.5734529995539641
7.5	4.135459041626396
0.666667	3.966470345870891
2.0	2.236170478050412
1.2	2.236170478050412
1.04167	1.020071070817925
4.6	2.5526261769034386
4.6	2.5526261769034386
1.0	2.842045232686595
0.958333	1.020071070817925
1.0	2.4305722957472846
1.125	2.9133766473754137
0.125	2.9133766473754137
1.0	3.6262329218393106
1.125	2.1548684471524004
1.25	2.1548684471524004
9.0	2.91628305734415
2.25	2.5899625101191144
1.25	2.1548684471524004
1.125	2.1548684471524004
0.666667	2.956194736170167
1.41667	2.346342218399381
1.41667	2.346342218399381
0.2	1.5919645048278082
0.2	1.5919645048278082
0.2	1.5919645048278082
0.833333	1.9654235266922497
1.0	1.9654235266922497
1.10526	1.435135875219477
4.2	2.520940074052303
1.10526	1.435135875219477
4.2	2.520940074052303
0.5	1.6993181594810403
0.375	1.6993181594810403
1.125	1.288054767794316
6.0	2.7021104724361362
6.0	2.7021104724361362
1.75	1.288054767794316
1.75	1.288054767794316
1.125	1.288054767794316
0.4	0.2587501599120767
1.0	3.0053347519761235
0.4	0.2587501599120767
0.7	1.9541936485457603
0.428571	1.8857039464556171
0.571429	1.8857039464556171
0.142857	1.8857039464556171
1.83333	2.440478214586417
0.684211	1.3177725243117113
1.83333	2.440478214586417
0.578947	1.3177725243117113
0.6	3.067600419257935
4.42857	2.8014950520467257
4.42857	2.8014950520467257
0.868421	-0.5219256002174555
1.0	4.158337888424546
0.25	4.158337888424546
2.55556	2.133088263140397
7.66667	2.785729357590468
3.125	2.2418617788820754
5.75	2.6769558418487893
2.55556	2.133088263140397
2.77778	2.133088263140397
0.678571	-0.3597490147605442
0.678571	-0.3597490147605442
0.333333	2.486145891614158
1.0	2.486145891614158
0.25	1.8914520690230288
0.25	1.8914520690230288
0.25	1.8914520690230288
0.333333	2.1938851232323264
1.66667	2.1938851232323264
0.75	2.606834742995831
1.0	2.6058339724125563
1.0	2.6058339724125563
1.0	2.6058339724125563
1.0	1.5295793088619694
15.0	2.761058514878353
15.0	2.761058514878353
1.0	1.5295793088619694
0.333333	1.5119316019231883
0.333333	1.5119316019231883
0.333333	1.5119316019231883
1.0	4.299806153234948
1.0	1.0366006809845925
7.75	3.9734856060099117
7.75	3.9734856060099117
10.0	2.91628305734415
5.0	2.807509541602472
5.0	2.807509541602472
5.0	2.807509541602472
0.5	2.8695656636316977
0.5	2.8695656636316977
0.5	2.8695656636316977
0.5	2.8695656636316977
0.617647	0.7098430894905721
0.617647	0.7098430894905721
0.625	1.8612915950975237
0.75	1.8612915950975237
0.375	1.8612915950975237
1.0	2.550260376545683
0.666667	2.71560825873751
2.6	3.084472652134652
2.6	3.084472652134652
0.681818	1.6723479060767907
0.590909	1.6723479060767907
1.4	2.4778145478020925
1.4	2.4778145478020925
1.4	2.4778145478020925
1.75	2.586588063543771
7.0	2.9129086107688065
7.0	2.9129086107688065
0.483871	1.1280159734791333
0.483871	1.1280159734791333
1.0	2.3495855779390427
0.2	2.3495855779390427
1.0	2.3495855779390427
0.5	3.2446051457357354
4.2	3.1358316299940574
0.75	0.6340407679354518
4.2	3.1358316299940574
0.8	1.2097412877992866
1.0	2.8763145567823845
2.28571	2.429563649529697
2.28571	2.429563649529697
0.842105	1.318514803540965
2.33333	2.695361579285449
1.66667	2.695361579285449
2.33333	2.695361579285449
5.0	2.9129086107688065
5.0	2.9129086107688065
1.66667	2.695361579285449
0.5	2.351959253931111
0.5	2.351959253931111
0.5	2.351959253931111
0.571429	1.2782914943425205
0.571429	1.2782914943425205
2.0	2.9466530765222405
1.38462	2.272392397211316
1.38462	2.272392397211316
1.38462	2.272392397211316
0.5	2.8695656636316977
0.333333	2.7607921478900193
0.666667	2.7607921478900193
0.333333	2.7607921478900193
1.11111	1.9392602498873148
3.33333	2.397668001425976
3.33333	2.397668001425976
1.11111	1.9392602498873148
1.66667	2.7054849190114796
1.66667	2.7054849190114796
2.0	2.6759061251640786
1.0	2.6759061251640786
1.0	2.6759061251640786
1.41176	2.025019638878191
1.41176	2.025019638878191
1.0	2.4513438335417006
8.0	3.2723919436691724
1.5	1.858336239027352
8.0	3.2723919436691724
0.5	3.4297237951387034
0.5	2.8210073279038452
1.0	2.9297808436455233
0.5	2.8210073279038452
0.5	2.8210073279038452
5.5	2.6452697389976536
1.46667	1.691552744478453
5.5	2.6452697389976536
1.5625	1.5827792287367746
0.166667	2.609200543353587
1.6	2.0256387067060757
1.6	2.0256387067060757
1.6	2.0256387067060757
1.13636	1.4554041911526931
1.13636	1.4554041911526931
1.13636	1.4554041911526931
4.0	2.695361579285449
4.0	2.695361579285449
4.0	3.383272768414585
4.0	3.383272768414585
4.0	3.383272768414585
0.966667	1.1747333671915856
1.0	2.9209735875925382
1.0	2.9209735875925382
0.966667	1.1747333671915856
1.0	3.0107675614537657
1.0	3.0107675614537657
1.0	3.0107675614537657
1.0	3.0107675614537657
1.0	2.9466530765222405
1.0	2.217772616248064
1.0	2.217772616248064
1.0	2.217772616248064
0.7	2.1383036517311407
0.222222	2.2470771674728187
2.0	2.9230319504948366
2.0	2.9230319504948366
1.40741	1.0667611549100973
19.0	3.7860990484520602
19.0	3.7860990484520602
3.4	2.491312334103466
3.4	2.491312334103466
0.4	2.491312334103466
1.13793	0.8559630165774272
1.13793	0.8559630165774272
1.13793	0.8559630165774272
0.333333	3.296013069696576
0.333333	3.296013069696576
0.666667	3.296013069696576
1.04	1.5500470919182703
1.04	1.5500470919182703
0.833333	2.321798780005606
1.28571	2.2284129386821374
1.28571	2.2284129386821374
1.28571	2.2284129386821374
1.1	2.381095330370403
1.16667	2.2606649703427513
1.09091	1.838671239653395
1.09091	1.838671239653395
0.181818	1.838671239653395
0.761905	1.5277009790967884
0.761905	1.5277009790967884
1.8	2.6403617878623673
1.8	2.6403617878623673
1.8	2.6403617878623673
1.2	2.4305722957472846
1.2	1.6207051176648668
1.2	1.6207051176648668
1.2	1.6207051176648668
1.25	2.888229892422379
2.75	2.8396715566945265
0.733333	1.6917212192639157
2.75	2.8396715566945265
1.33333	2.5248393789700017
8.0	2.971590286222689
8.0	2.971590286222689
1.5	2.5248393789700017
1.29412	2.1612452054775693
1.29412	2.1612452054775693
1.29412	2.1612452054775693
1.09524	0.7994944179644627
0.285714	0.7994944179644627
2.0	2.9264063970701804
1.09524	0.7994944179644627
1.33333	2.708859365586823
0.235294	1.2345884809311767
1.33333	2.708859365586823
0.333333	1.8382521491482238
0.333333	1.8382521491482238
0.333333	1.8382521491482238
0.777778	1.3236928043819278
1.0	2.9378458204692555
0.777778	1.3236928043819278
1.0	2.9378458204692555
1.5	2.877630640455429
0.857143	2.4552431384593993
0.857143	2.4552431384593993
0.714286	2.4552431384593993
12.0	2.9230319504948366
12.0	2.9230319504948366
0.857143	1.9460012674036893
1.2	1.8372277516620108
0.176471	1.5583668773786812
0.5	2.0280123826981438
0.5	2.0280123826981438
0.5	2.0280123826981438
0.5	3.4621521772190924
0.333333	3.353378661477414
13.0	3.5709256929607713
1.44444	2.700737567027343
13.0	3.5709256929607713
2.0	2.082632163661396
2.0	2.082632163661396
2.0	2.082632163661396
1.16129	1.7071047007651547
0.75	3.381472896866308
1.16129	1.7071047007651547
1.25	3.1669928745028373
2.0	4.159338659007821
2.0	4.159338659007821
1.0	4.714863082002187
2.0	4.159338659007821
0.666667	2.3241724559976746
0.666667	2.3241724559976746
0.666667	2.3241724559976746
0.971429	1.3816459614533998
25.0	4.060220446385565
0.757576	1.5506346572089043
25.0	4.060220446385565
0.833333	3.807702882044288
1.18519	0.09829498778653911
0.888889	2.056218271136752
1.02778	-0.8806666538885672
37.0	2.9264063970701804
37.0	2.9264063970701804
1.0	2.978339179373376
1.0	2.978339179373376
1.0	2.978339179373376
1.0	2.978339179373376
1.0	2.4641072162481334
1.0	2.4641072162481334
1.0	2.4641072162481334
0.666667	1.5379264039426603
0.909091	0.716296613737085
0.909091	0.716296613737085
3.0	1.6466999196843388
1.0	1.2601641924454774
3.0	1.6466999196843388
0.909091	0.716296613737085
1.0	1.7554734354260173
1.16667	2.303553641720096
1.16667	2.303553641720096
1.375	2.7386477046868096
1.16667	2.303553641720096
5.0	2.036762817015381
6.0	2.848002900506592
6.0	2.848002900506592
4.0	2.956776416248271
6.0	2.848002900506592
8.0	2.956776416248271
8.0	2.956776416248271
8.0	2.956776416248271
1.12903	1.1111437406024163
1.12903	1.1111437406024163
0.5	2.736953600975717
0.5	2.875305910564797
1.0	3.0559514506062744
1.0	3.0559514506062744
1.0	3.0559514506062744
1.0	3.0559514506062744
1.0	1.7562410338537688
4.0	2.721614872658943
1.0	2.034003245350952
4.0	2.721614872658943
0.5	1.5506329649133446
1.0	1.7681799963967015
0.5	1.5506329649133446
0.5	1.5506329649133446
0.833333	2.5411378074029276
0.666667	2.8674583546279635
0.0740741	0.2568939768276792
0.666667	2.8674583546279635
1.07407	0.2568939768276792
1.0	2.3594993724124875
0.704545	1.35890040418612
0.782609	1.141353372702763
1.0	5.890486573894738
1.6875	1.3757903787532444
1.8	2.450818975199345
1.8	2.450818975199345
1.5	2.5595924909410237
1.8	2.450818975199345
1.6	2.450818975199345
4.0	2.777139522424381
4.0	2.777139522424381
0.419355	0.981598687066322
0.419355	0.981598687066322
2.0	1.6339933587136546
2.0	1.6339933587136546
2.0	1.6339933587136546
2.0	1.6339933587136546
0.2	2.766532394823118
1.23529	1.7563116164363601
1.8	2.5177262266281097
1.23529	1.7563116164363601
1.23529	1.7563116164363601
1.0	1.9252297296092733
6.5	2.8303883884006216
6.5	2.8303883884006216
1.28571	1.8164562138675948
1.0	2.323422301134108
1.0	2.974964732798033
1.0	2.974964732798033
1.0	2.974964732798033
0.6	2.730898040952848
1.0	1.208068820569349
1.08333	-1.093256788135202
0.333333	3.036754487838925
0.321429	1.5313749874932763
0.321429	1.5313749874932763
2.0	3.3440465470820735
1.33333	3.2352730313403946
1.33333	3.2352730313403946
1.33333	3.2352730313403946
1.33333	3.2352730313403946
2.0	3.577674586111458
2.0	3.577674586111458
2.0	3.577674586111458
2.0	3.577674586111458
1.66667	2.9355210905786224
0.666667	2.1419523409291306
1.33333	3.337080233044488
1.25	3.22830671730281
1.66667	3.337080233044488
5.0	3.45751059307214
5.0	3.45751059307214
1.45455	1.8603377801939023
1.45455	1.8603377801939023
1.66667	2.295431843160616
1.45455	1.8603377801939023
1.51852	0.17928170559478085
0.571429	2.6946603705233185
0.5	2.4659481582635334
0.466667	0.7799231178764069
0.466667	0.7799231178764069
0.708333	0.5359722719979072
0.25	2.7600009225593296
1.0	2.432945971739353
1.0	2.432945971739353
1.0	2.432945971739353
1.0	2.432945971739353
1.0	2.8487941258372818
1.0	2.788578945823456
1.0	2.8487941258372818
2.0	2.8487941258372818
1.0	2.788578945823456
1.0	2.8487941258372818
1.0	2.788578945823456
1.0	2.8487941258372818
0.5	1.4543564648897647
0.4	2.309666023478713
0.454545	1.8026999362121998
3.0	2.647643414989722
3.0	2.647643414989722
0.3	1.9114734519538783
0.814815	1.4228678387399316
1.0	2.9884625190994063
1.0	2.9884625190994063
0.814815	1.4228678387399316
2.0	2.9884625190994063
0.636364	0.8446293610155362
1.0	3.0559514506062744
1.0	2.956776416248271
0.666667	2.7392293847649136
0.833333	2.412908837539878
0.833333	2.412908837539878
4.0	2.956776416248271
4.0	2.956776416248271
1.33333	2.7392293847649136
0.833333	2.412908837539878
4.0	3.4966878683032165
4.0	3.4966878683032165
